iter	RMSE
0	14.89804667
1	14.81982596
2	14.74158424
3	14.65192286
4	14.55971964
5	14.47947553
6	14.39733504
7	14.31335676
8	14.2308108
9	14.15647003
10	14.08518538
11	14.01639984
12	13.94080692
13	13.85075984
14	13.77439351
15	13.7120552
16	13.63835127
17	13.55287052
18	13.48610834
19	13.40558662
20	13.33020811
21	13.25743416
22	13.17617409
23	13.10229647
24	13.02223716
25	12.94985903
26	12.87687581
27	12.80330714
28	12.74179917
29	12.6673837
30	12.5916319
31	12.52639666
